,Factory,Hotel
0,0.0,0.0
1,-1.0,3.0
2,0.0,-3.0
3,0.0,7.0
4,1.0,-6.0
5,-1.0,5.0
6,0.0,-9.0
7,0.0,2.0
8,0.0,-3.0
9,0.0,6.0
10,1.0,-11.0
11,0.0,7.0
12,-1.0,-4.0
13,0.0,3.0
14,0.0,4.0
15,0.0,-9.0
16,0.0,-1.0
17,0.0,-2.0
18,0.0,3.0
19,0.0,-3.0
20,0.0,11.0
21,0.0,-6.0
22,0.0,0.0
23,0.0,-3.0
24,0.0,-2.0
25,0.0,9.0
26,1.0,-3.0
27,0.0,0.0
28,-1.0,-5.0
29,0.0,2.0
30,0.0,5.0
31,0.0,-1.0
32,0.0,-2.0
33,0.0,-2.0
34,0.0,0.0
35,0.0,7.0
36,0.0,-7.0
37,1.0,4.0
38,0.0,-4.0
39,-1.0,0.0
40,0.0,1.0
41,1.0,-4.0
42,0.0,8.0
43,-1.0,-7.0
44,0.0,7.0
45,1.0,-3.0
46,-1.0,0.0
47,0.0,1.0
48,0.0,-6.0
49,0.0,-1.0
50,0.0,2.0
51,0.0,-1.0
52,0.0,8.0
53,0.0,-11.0
54,0.0,1.0
55,0.0,4.0
56,0.0,3.0
57,0.0,-6.0
58,0.0,0.0
59,0.0,3.0
60,0.0,0.0
61,0.0,-5.0
62,0.0,2.0
63,0.0,0.0
64,0.0,-1.0
65,0.0,-3.0
66,0.0,10.0
67,0.0,-7.0
68,0.0,1.0
69,1.0,0.0
70,-1.0,-4.0
71,0.0,8.0
72,0.0,-8.0
73,0.0,6.0
74,0.0,-4.0
75,0.0,-2.0
76,0.0,3.0
77,0.0,79.0
78,0.0,-80.0
79,1.0,-1.0
80,-1.0,-3.0
81,0.0,2.0
82,1.0,2.0
83,-1.0,1.0
84,0.0,-4.0
85,0.0,1.0
86,0.0,2.0
87,0.0,-1.0
88,0.0,-1.0
89,0.0,55.0
90,0.0,-55.0
91,0.0,-1.0
92,0.0,0.0
93,0.0,-1.0
94,0.0,1.0
95,0.0,0.0
96,0.0,0.0
97,0.0,1.0
98,0.0,-2.0
99,0.0,-1.0
100,0.0,2.0
101,0.0,-1.0
102,0.0,1.0
103,0.0,0.0
104,0.0,0.0
105,0.0,0.0
106,0.0,0.0
107,0.0,-1.0
108,1.0,1.0
109,-1.0,1.0
110,0.0,-2.0
111,0.0,2.0
112,0.0,-2.0
113,0.0,1.0
114,1.0,1.0
115,-1.0,-3.0
116,0.0,1.0
117,2.0,3.0
118,-2.0,-3.0
119,0.0,3.0
120,0.0,-1.0
121,0.0,0.0
122,0.0,1.0
123,1.0,1.0
124,-1.0,-1.0
125,1.0,4.0
126,-1.0,-5.0
127,1.0,15.0
128,0.0,-12.0
129,1.0,2.0
130,0.0,1.0
131,-2.0,0.0
132,0.0,-3.0
133,2.0,0.0
134,-2.0,2.0
135,0.0,1.0
136,1.0,-2.0
137,-1.0,3.0
138,0.0,-4.0
139,1.0,6.0
140,-1.0,-2.0
141,2.0,-3.0
142,6.0,-2.0
143,-5.0,1.0
144,-3.0,4.0
145,3.0,0.0
146,-2.0,-5.0
147,3.0,2.0
148,-4.0,6.0
149,1.0,-1.0
150,0.0,-5.0
151,0.0,0.0
152,0.0,1.0
153,0.0,0.0
154,-1.0,3.0
155,2.0,3.0
156,-2.0,-3.0
157,0.0,2.0
158,0.0,-7.0
159,3.0,1.0
160,-3.0,1.0
161,1.0,92.0
162,-1.0,-89.0
163,0.0,-2.0
164,0.0,-1.0
165,0.0,4.0
166,0.0,-7.0
167,1.0,7.0
168,-1.0,-7.0
169,1.0,5.0
170,0.0,-6.0
171,0.0,5.0
172,-1.0,-2.0
173,1.0,35.0
174,0.0,-33.0
175,0.0,4.0
176,-1.0,-5.0
177,0.0,-4.0
178,1.0,19.0
179,0.0,-14.0
180,1.0,7.0
181,-1.0,-6.0
182,-1.0,-5.0
183,1.0,0.0
184,-1.0,-3.0
185,1.0,5.0
186,-1.0,2.0
187,2.0,-5.0
188,-1.0,1.0
189,0.0,3.0
190,-1.0,4.0
191,0.0,-6.0
192,0.0,5.0
193,0.0,-1.0
194,0.0,-5.0
195,0.0,7.0
196,0.0,-8.0
197,0.0,0.0
198,0.0,-1.0
199,0.0,2.0
200,0.0,1.0
201,0.0,-1.0
202,0.0,1.0
203,1.0,-1.0
204,0.0,5.0
205,0.0,-1.0
206,-1.0,-2.0
207,0.0,9.0
208,0.0,-6.0
209,0.0,-4.0
210,2.0,1.0
211,-1.0,-5.0
212,-1.0,9.0
213,1.0,-5.0
214,0.0,3.0
215,-1.0,31.0
216,0.0,-31.0
217,0.0,-5.0
218,2.0,4.0
219,-2.0,0.0
220,1.0,5.0
221,-1.0,-4.0
222,0.0,-1.0
223,1.0,3.0
224,-1.0,-1.0
225,0.0,-1.0
226,0.0,-7.0
227,0.0,47.0
228,0.0,-39.0
229,0.0,-5.0
230,0.0,5.0
231,0.0,2.0
232,0.0,-7.0
233,0.0,4.0
234,0.0,4.0
235,0.0,-7.0
236,1.0,0.0
237,0.0,0.0
238,-1.0,7.0
239,1.0,-3.0
240,-1.0,-6.0
241,0.0,-1.0
242,2.0,2.0
243,-2.0,4.0
244,1.0,-4.0
245,-1.0,3.0
246,0.0,-5.0
247,1.0,2.0
248,-1.0,4.0
249,0.0,1.0
250,0.0,-1.0
251,0.0,6.0
252,0.0,-7.0
253,1.0,2.0
254,-1.0,-3.0
255,0.0,4.0
256,1.0,-5.0
257,0.0,1.0
258,-1.0,7.0
259,2.0,-4.0
260,-1.0,1.0
261,-1.0,0.0
262,0.0,4.0
263,0.0,-3.0
264,0.0,-4.0
265,0.0,1.0
266,2.0,4.0
267,-2.0,-2.0
268,0.0,0.0
269,0.0,6.0
270,1.0,-5.0
271,0.0,2.0
272,-1.0,-4.0
273,0.0,3.0
274,0.0,6.0
275,0.0,-6.0
276,1.0,1.0
277,-1.0,4.0
278,0.0,-2.0
279,0.0,6.0
280,0.0,-9.0
281,0.0,4.0
282,0.0,-11.0
283,0.0,15.0
284,0.0,-6.0
285,0.0,-1.0
286,1.0,-2.0
